"ID категории",Категория,ID,Название,"Название в чеке",Артикул,Штрихкод,"Цена продажи, ₽","Себестоимость, ₽","Единицы измерения для продажи","Единицы измерения для списания","Сколько единиц списания в единице продажи","Масса Нетто, гр.","Масса Брутто, гр.","Критический остаток","Желаемый остаток",Комментарий
1511296,"Сертификаты Сеть Студия косметологии и лазерной эпиляции",37356417,"Сертификат 500руб","Сертификат 500руб",,,500,0,шт.,шт.,1,0,0,0,0,
1511296,"Сертификаты Сеть Студия косметологии и лазерной эпиляции",37356420,"Сертификат 1000руб","Сертификат 1000руб",,,1000,0,шт.,шт.,1,0,0,0,0,
1511296,"Сертификаты Сеть Студия косметологии и лазерной эпиляции",37356424,"Сертификат 3000руб","Сертификат 3000руб",,,3000,0,шт.,шт.,1,0,0,0,0,
1511296,"Сертификаты Сеть Студия косметологии и лазерной эпиляции",37356426,"Сертификат 5000руб","Сертификат 5000руб",,,5000,0,шт.,шт.,1,0,0,0,0,
1511296,"Сертификаты Сеть Студия косметологии и лазерной эпиляции",37356428,"Сертификат 10000руб","Сертификат 10000руб",,,10000,0,шт.,шт.,1,0,0,0,0,
1511296,"Сертификаты Сеть Студия косметологии и лазерной эпиляции",37356521,"Сертификат 50000руб","Сертификат 50000руб",,,50000,0,шт.,шт.,1,0,0,0,0,
1525986,Sesderma,37364343,"Домашний уход","Домашний уход",,,100,100,шт.,шт.,1,0,0,0,0,
1368146,"Абонементы Сеть Студия косметологии и лазерной эпиляции",37571238,"Пакет Вип 5 процедур","Пакет Вип 5 процедур",,,25200,0,шт.,шт.,1,0,0,0,0,
1368146,"Абонементы Сеть Студия косметологии и лазерной эпиляции",37571381,"Пакет Тотал 5 процедур","Пакет Тотал 5 процедур",,,36000,0,шт.,шт.,1,0,0,0,0,
1543172,Elami,37772051,"Маска тканевая увлажняющая Elami","Маска тканевая увлажняющая Elami",,,350,0,шт.,шт.,1,0,0,0,0,
1543172,Elami,37772081,"Бальзам для губ Elami","Бальзам для губ  Elami",,,350,0,шт.,шт.,1,0,0,0,0,
1543172,Elami,37772303,"Пенка для умывания Elami с гелауроновой кислотой, 160мл","Пенка для умывания Elami с гелауроновой кислотой, 160мл",,,1500,0,шт.,шт.,1,0,0,0,0,
1543172,Elami,37772378,"Шиммер крем для тела Elami сияние и увлажнение, 100мл","Шиммер крем для тела Elami сияние и увлажнение, 100мл",,,1500,0,шт.,шт.,1,0,0,0,0,
1543172,Elami,37772750,"Защитный крем для лица Elami SPF 50, 50мл","Защитный крем для лица Elami SPF 50, 50мл",,,2500,0,шт.,шт.,1,0,0,0,0,
1525984,Angiopharm,38195334,"CT05 Ceramide repair cream Восстанавливающий крем с церамидами, 50мл","CT05 Ceramide repair cream Восстанавливающий крем с церамидами, 50мл",,,3300,1650,шт.,шт.,1,0,0,2,0,
1525984,Angiopharm,38195700,"AG05 Multipeptide anti aging cream, мультипептидный омолаживающий крем, 50мл","AG05 Multipeptide anti aging cream, мультипептидный омолаживающий крем, 50мл",,,3350,1675,шт.,шт.,1,0,0,2,0,
1525984,Angiopharm,38195775,"Whitening cream, осветляющий крем, 50мл","Whitening cream, осветляющий крем, 50мл",,,3700,1850,шт.,шт.,1,0,0,1,0,
1525984,Angiopharm,38195928,"CT02 Cream-comfort Omega 3*6*9, крем комфорт с комплексом омега 3*6*9, 50мл","CT02 Cream-comfort Omega 3*6*9, крем комфорт с комплексом омега 3*6*9, 50мл",,,2350,1175,шт.,шт.,1,0,0,3,0,
1525984,Angiopharm,38196030,"Antioxidant vitamin cream, антиоксидантный крем с витаминами А,Е,С, 50 мл","Antioxidant vitamin cream, антиоксидантный крем с витаминами А,Е,С, 50 мл",,,3850,0,шт.,шт.,1,0,0,1,0,
1525984,Angiopharm,38196276,"Azelaine cream, крем с азелаиновой кислотой 20%, 50 мл","Azelaine cream, крем с азелаиновой кислотой 20%, 50 мл",,,3900,1850,шт.,шт.,1,0,0,1,0,
1525984,Angiopharm,38196309,"SE04 Azelaine soft cream, крем с азелаиновой кислотой для чувствительной кожи, 50 мл","SE04 Azelaine soft cream, крем с азелаиновой кислотой для чувствительной кожи, 50 мл",,,3900,0,шт.,шт.,1,0,0,3,0,
1525984,Angiopharm,38196384,"MS04 Light moisturizing fluid, легкий увлажняющий флюид, 50мл","MS04 Light moisturizing fluid, легкий увлажняющий флюид, 50мл",,,2800,0,шт.,шт.,1,0,0,2,0,
1525984,Angiopharm,38197278,"MS06 Moisturizing cream, Увлажняющий крем для лица 50мл","MS06 Moisturizing cream, Увлажняющий крем для лица 50мл",,,3060,1530,шт.,шт.,1,0,0,2,0,
1525984,Angiopharm,38199609,"Cleansing mask, очищающая маска для проблемной кожи, 75мл","Cleansing mask, очищающая маска для проблемной кожи, 75мл",,,1450,0,шт.,шт.,1,0,0,5,0,
1525984,Angiopharm,38199690,"Correcting cream-mask, корректирующая крем-маска, 75мл","Correcting cream-mask, корректирующая крем-маска, 75мл",,,3100,1550,шт.,шт.,1,0,0,0,0,
1525984,Angiopharm,38199735,"Moisturizing body milk, увлажняющее молочко для тела, 100мл","Moisturizing body milk, увлажняющее молочко для тела, 100мл",,,1200,0,шт.,шт.,1,0,0,1,0,
1525984,Angiopharm,38199846,"SPF01 Sunscreen fluid SPF30 солнцезащитный флюид, 100мл","SPF01 Sunscreen fluid SPF30 солнцезащитный флюид, 100мл",,,3600,1800,шт.,шт.,1,0,0,4,0,
1525984,Angiopharm,38199990,"CL23 Silk amino acids cleansing gel, гель для умывания с аминокислотами шелка, 200мл","CL23 Silk amino acids cleansing gel, гель для умывания с аминокислотами шелка, 200мл",,,2000,1000,шт.,шт.,1,0,0,9,0,
1525984,Angiopharm,38200074,"Exfoliating enzyme gel,энзимный гель-эксфолиант, 75мл","Exfoliating enzyme gel,энзимный гель-эксфолиант, 75мл",,,1590,0,шт.,шт.,1,0,0,0,0,
1525984,Angiopharm,38200266,"Multipeptide anti aging serum, мультипептидная омолаживающая сыворотка, 30мл","Multipeptide anti aging serum, мультипептидная омолаживающая сыворотка, 30мл",,,3990,0,шт.,шт.,1,0,0,2,0,
1525984,Angiopharm,38200335,"AO04 Vitamin C serum, сыворотка с витамином С 10%, 30 мл","AO04 Vitamin C serum, сыворотка с витамином С 10%, 30 мл",,,5780,2890,шт.,шт.,1,0,0,2,0,
1525984,Angiopharm,38200791,"AA04 Niacinamide serum, сыворотка с ниацинамидами, 30мл","AA04 Niacinamide serum, сыворотка с ниацинамидами, 30мл",,,2920,1460,шт.,шт.,1,0,0,3,0,
1525984,Angiopharm,38201082,"AG12 Eye multipeptide anti aging cream,мультипептидный омолаживающий крем для кожи вокруг глаз, 30мл","AG12 Eye multipeptide anti aging cream,мультипептидный омолаживающий крем для кожи вокруг глаз, 30мл",,,3650,1825,шт.,шт.,1,0,0,2,0,
1525984,Angiopharm,38201331,"Balancing tonic,балансирующий тоник с аминокислотами, 200мл","Balancing tonic,балансирующий тоник с аминокислотами, 200мл",,,1530,0,шт.,шт.,1,0,0,3,0,
1525984,Angiopharm,38201421,"CL09 Lactic acid cleansing gel, гель для умывания с молочной кислотой, 200мл","CL09 Lactic acid cleansing gel, гель для умывания с молочной кислотой, 200мл",,,2100,1050,шт.,шт.,1,0,0,4,0,
1525984,Angiopharm,38201481,"Active tonic, активный тоник для чувствительной кожи, 200мл","Active tonic, активный тоник для чувствительной кожи, 200мл",,,1600,0,шт.,шт.,1,0,0,0,0,
1525984,Angiopharm,38201601,"Salicylic tonic, тоник для проблемной кожи с салициловой кислотой, 200мл","Salicylic tonic, тоник для проблемной кожи с салициловой кислотой, 200мл",,,2350,0,шт.,шт.,1,0,0,5,0,
1525984,Angiopharm,38201652,"Liposomal retinol tonic, липосомальный тоник с ретинолом, 200мл","Liposomal retinol tonic, липосомальный тоник с ретинолом, 200мл",,,3800,1900,шт.,шт.,1,0,0,0,0,
1569759,Levissime,38415363,"Daily cream, защитный гель-крем для лица с SPF 50, 50мл","Daily cream, защитный гель-крем для лица с SPF 50, 50мл",,,3900,1950,шт.,шт.,1,0,0,0,0,
1525984,Angiopharm,39494514,"Anti couperose serum, антикуперозная сыворотка, 30 мл","Anti couperose serum, антикуперозная сыворотка, 30 мл",,,3200,1600,шт.,шт.,1,0,0,2,0,
1525984,Angiopharm,39494568,"AC02 Anti couperose tonic антикуперозный тоник, 150 мл","AC02 Anti couperose tonic антикуперозный тоник, 150 мл",,,2640,1320,шт.,шт.,1,0,0,5,0,
1525984,Angiopharm,39494634,"AC05 Anti couperose mask, успокаивающая антикуперозная маска, 75 мл","AC05 Anti couperose mask, успокаивающая антикуперозная маска, 75 мл",,,1950,975,шт.,шт.,1,0,0,5,0,
1525984,Angiopharm,39494676,"CL15 Enzyme powder wash, энзимная очищающая пудра, 40 г","CL15 Enzyme powder wash, энзимная очищающая пудра, 40 г",,,2100,1050,шт.,шт.,1,0,0,7,0,
1624716,"Renew systema",39662231,"Sun protector expert, Солнцезащитный крем с фактором защиты от солнца, 50 мл","Sun protector expert, Солнцезащитный крем с фактором защиты от солнца, 50 мл",,,3800,0,шт.,шт.,1,0,0,8,0,
1624720,Skinosophy,39662274,"Drainage azulene mask Дренажная азуленовая маска, 75мл","Drainage azulene mask Дренажная азуленовая маска, 75мл",,,2800,0,шт.,шт.,1,0,0,1,0,
1525984,Angiopharm,39855595,"Lamerllar regenerating cream, ламеллярный регенерирующий крем, 30мл.","Lamerllar regenerating cream, ламеллярный регенерирующий крем, 30мл.",,,2700,0,шт.,шт.,1,0,0,0,0,
1624716,"Renew systema",39907570,"Sun Protector + BB cream SPF 50, профессиональный ВВ крем с широким спектром защиты, 50мл.","Sun Protector + BB cream SPF 50, профессиональный ВВ крем с широким спектром защиты, 50мл.",,,3800,0,шт.,шт.,1,0,0,9,0,
1368146,"Абонементы Сеть Студия косметологии и лазерной эпиляции",42315162,"Массаж сферами 10 процедур","Массаж сферами",,,23800,0,шт.,шт.,1,0,0,0,0,
1368146,"Абонементы Сеть Студия косметологии и лазерной эпиляции",42315297,"Массаж сферами 5 процедур","Массаж сферами 5 процедур",,,11900,0,шт.,шт.,1,0,0,0,0,
1525984,Angiopharm,42360933,"MS11 Moisturizing tonic увлажняющий тоник, 200мл","MS11 Moisturizing tonic увлажняющий тоник, 200мл",,,1600,800,шт.,шт.,1,0,0,0,0,
1525984,Angiopharm,42658467,"AA12 Anti acne tonic тоник для проблемной кожи, 200мл","AA12 Anti acne tonic тоник для проблемной кожи, 200мл",,,2500,1250,шт.,шт.,1,0,0,3,0,
1525984,Angiopharm,42660459,"Mature skin cream 50мл,  крем для зрелой кожи",,,,2600,1300,шт.,шт.,1,0,0,0,0,
1525984,Angiopharm,44104974,"AA02 Salicylic toner 2%, салициловый тонер 2% 100мл","AA02 Salicylic toner 2%, салициловый тонер 2% 100мл",,,2200,0,шт.,шт.,1,0,0,0,0,
1525984,Angiopharm,44105058,"AC03 Anti couperose cream, Антикуперозный крем для лица 50мл","AC03 Anti couperose cream, Антикуперозный крем для лица 50мл",,,3060,1530,шт.,шт.,1,0,0,5,0,
1525984,Angiopharm,44166006,"RS02 Anti age cream mild, крем омолаживающий с комплексом ретиноидов MILD, 50мл","RS02 Anti age cream mild, крем омолаживающий с комплексом ретиноидов MILD, 50мл",,,5800,2900,шт.,шт.,1,0,0,0,0,
1525984,Angiopharm,44166501,"HPR eye cream, крем для кожи вокруг глаз с HPR, 30мл","HPR eye cream, крем для кожи вокруг глаз с HPR, 30мл",,,4800,2400,шт.,шт.,1,0,0,0,0,
1511296,"Сертификаты Сеть Студия косметологии и лазерной эпиляции",45193461,"Сертификат 30000руб","Сертификат 30000руб",,,30000,0,шт.,шт.,1,0,0,0,0,
1368146,"Абонементы Сеть Студия косметологии и лазерной эпиляции",45754454,"Массаж лица пластический + ШГО (10 посещений)","Массаж лица пластический + ШГО (10 посещений)",,,22500,0,шт.,шт.,1,0,0,0,0,
1368146,"Абонементы Сеть Студия косметологии и лазерной эпиляции",45760014,"Комбо-лифтинг 5 процедур","Комбо-лифтинг 5 процедур",,,22500,0,шт.,шт.,1,0,0,0,0,
1368146,"Абонементы Сеть Студия косметологии и лазерной эпиляции",45763494,"Пакет Премиум 5 процедур","Пакет Премиум 5 процедур",,,20700,0,шт.,шт.,1,0,0,0,0,
1368146,"Абонементы Сеть Студия косметологии и лазерной эпиляции",45763572,"Пакет Стандарт 5 процедур","Пакет Стандарт 5 процедур",,,16650,0,шт.,шт.,1,0,0,0,0,
1368146,"Абонементы Сеть Студия косметологии и лазерной эпиляции",45763605,"Пакет Лайт 5 процедур","Пакет Лайт 5 процедур",,,12150,0,шт.,шт.,1,0,0,0,0,
1368146,"Абонементы Сеть Студия косметологии и лазерной эпиляции",45763772,"Массаж Тринити терапия 6 процедур","Массаж Тринити терапия 6 процедур",,,18900,0,шт.,шт.,1,0,0,0,0,
1368146,"Абонементы Сеть Студия косметологии и лазерной эпиляции",45763778,"Массаж Тринити терапия 12 процедур","Массаж Тринити терапия 12 процедур",,,37800,0,шт.,шт.,1,0,0,0,0,
1368146,"Абонементы Сеть Студия косметологии и лазерной эпиляции",45937616,"Пилинг поверхностный 5 процедур","Пилинг поверхностный 5 процедур",,,15750,0,шт.,шт.,1,0,0,0,0,
1368146,"Абонементы Сеть Студия косметологии и лазерной эпиляции",45937653,"Пилинг срединный и с эффектом биоревитализации 5 процедур","Пилинг срединный и с эффектом биоревитализации 5 процедур",,,20250,0,шт.,шт.,1,0,0,0,0,
1368146,"Абонементы Сеть Студия косметологии и лазерной эпиляции",46085554,"Ручной массаж тела оздоровительный 60 мин 5 процедур","Ручной массаж тела оздоровительный 5 процедур",,,15750,0,шт.,шт.,1,0,0,0,0,
1525984,Angiopharm,47292552,"AO06 Antioxidant vitamin mask, антиоксидантная маска с витаминами А,Е,С, 75мл.","AO06 Antioxidant vitamin mask, антиоксидантная маска с витаминами А,Е,С, 75мл.",,,2780,1390,шт.,шт.,1,0,0,0,0,
1525984,Angiopharm,47292624,"AHA - GEL, очищающий A.H.A - гель, 75мл.","AHA - GEL, очищающий A.H.A - гель, 75мл.",,,2700,0,шт.,шт.,1,0,0,0,0,
1525984,Angiopharm,47292645,"Anti aging mask, омолаживающая маска, 75мл.","Anti aging mask, омолаживающая маска, 75мл.",,,2150,1075,шт.,шт.,1,0,0,0,0,
1525984,Angiopharm,47292738,"MS07 Moisturizing cream, увлажняющий крем для лица, 200мл.","MS07 Moisturizing cream, увлажняющий крем для лица, 200мл.",,,6400,3200,шт.,шт.,1,0,0,0,0,
1525984,Angiopharm,47292759,"Moisturizing tonic увлажняющий тоник, 400мл","Moisturizing tonic увлажняющий тоник, 400мл",,,2780,0,шт.,шт.,1,0,0,0,0,
1525984,Angiopharm,47292921,"Oily sensitive skin cream, легкий крем для чувствительной кожи, 50мл.","Oily sensitive skin cream, легкий крем для чувствительной кожи, 50мл.",,,3900,0,шт.,шт.,1,0,0,0,0,
1525984,Angiopharm,47293077,"Copper peptide serum, сыворотка с пептидами меди, 30мл.","Copper peptide serum, сыворотка с пептидами меди, 30мл.",,,4150,0,шт.,шт.,1,0,0,0,0,
1525984,Angiopharm,47293089,"MS03 Moisturizing serum, увлажняющая сыворотка, 30мл.","MS03 Moisturizing serum, увлажняющая сыворотка, 30мл.",,,2800,1400,шт.,шт.,1,0,0,0,0,
1525984,Angiopharm,47293104,"CT01 Lamellar cream for combination skin, Ламеллярный кремя для комбинированной кожи 50мл","CT01 Lamellar cream for combination skin, Ламеллярный кремя для комбинированной кожи 50мл",,,3300,1650,шт.,шт.,1,0,0,0,0,
1525984,Angiopharm,47293131,"RR01 Photoaging correction serum, сыворотка для коррекции фотостарения, 30мл.","RR01 Photoaging correction serum, сыворотка для коррекции фотостарения, 30мл.",,,3900,1950,шт.,шт.,1,0,0,0,0,
1525984,Angiopharm,47293149,"Anti acne cream gel, крем-гель для проблемной кожи, 50мл","Anti acne cream gel, крем-гель для проблемной кожи, 50мл",,,2900,1450,шт.,шт.,1,0,0,0,0,
1525984,Angiopharm,47649954,"AG08 Tranexamic cream, крем с транексамовой кислотой, 50мл","AG08 Tranexamic cream, крем с транексамовой кислотой, 50мл",,,5600,0,шт.,шт.,1,0,0,0,0,
1368146,"Абонементы Сеть Студия косметологии и лазерной эпиляции",47703033,"Массаж спины 10 сеансов","Массаж спины 10 сеансов",,,19550,0,шт.,шт.,1,0,0,0,0,
1368146,"Абонементы Сеть Студия косметологии и лазерной эпиляции",48380160,"Массаж спины 5 сеансов","Массаж спины 5 сеансов",,,10350,0,шт.,шт.,1,0,0,0,0,
1511296,"Сертификаты Сеть Студия косметологии и лазерной эпиляции",48406569,"Сертификат 2000руб","Сертификат 2000руб",,,2000,0,шт.,шт.,1,0,0,0,0,
1368146,"Абонементы Сеть Студия косметологии и лазерной эпиляции",48455391,"Массаж шейно-грудного отдела 5 сеансов","Массаж шейно-грудного отдела 5 сеансов",,,7200,0,шт.,шт.,1,0,0,0,0,
1525984,Angiopharm,50830839,"PL02 Weekend peeling pH 3.0-3.5, пилинг выходного дня, 15мл.","PL02 Weekend peeling pH 3.0-3.5, пилинг выходного дня, 15мл.",,,2100,1050,шт.,шт.,1,0,0,0,0,
1525984,Angiopharm,50927703,"Radiance cream Осветляющий крем 50 мл","Radiance cream Осветляющий крем 50 мл",,,3800,0,шт.,шт.,1,0,0,0,0,
1525984,Angiopharm,50930502,"Drainage serum Дренажная сыворотка 30 мл","Drainage serum Дренажная сыворотка 30 мл",,,4320,2160,шт.,шт.,1,0,0,0,0,
1525984,Angiopharm,50930688,"SPF02 Sunscreen matrix cream SPF50 солнцезащитный крем, 50мл","SPF02 Sunscreen matrix cream SPF50 солнцезащитный крем, 50мл",,,3000,1500,шт.,шт.,1,0,0,1,0,
1525984,Angiopharm,50930808,"CL16 Refining skin polish, крем-гоммаж с полирующим эффектом, 75мл","CL16 Refining skin polish, крем-гоммаж с полирующим эффектом, 75мл",,,1960,980,шт.,шт.,1,0,0,0,0,
1525984,Angiopharm,50932500,"RR02 Radiance tonic осветляющий тоник, 150мл","RR02 Radiance tonic осветляющий тоник, 150мл",,,2600,1300,шт.,шт.,1,0,0,3,0,
1525984,Angiopharm,51157278,"AG19 Toning lotion тонизирующий лосьон, 200мл","AG19 Toning lotion тонизирующий лосьон, 200мл",,,1900,800,шт.,шт.,1,0,0,3,0,
1511296,"Сертификаты Сеть Студия косметологии и лазерной эпиляции",51480621,"Сертификат 6000","Сертификат 6000",,,6000,0,шт.,шт.,1,0,0,100,100,
2071107,"Set Cabinet",51784074,"Set Cabinet Крем для лица SPF 50","Set Cabinet Крем для лица SPF 50",,,1900,949,шт.,шт.,1,0,0,3,0,
1525986,Sesderma,51793446,"Sensyses HYALURONIC | Cleanser Очищающий тоник для лица 200мл","Sensyses HYALURONIC | Cleanser Очищающий тоник для лица 200мл",,,2800,1800,шт.,шт.,1,0,0,3,0,
1525986,Sesderma,51793476,"Azelac | Lotion Тоник для лица 100мл.","Azelac | Lotion Тоник для лица 100мл.",,,2800,1800,шт.,шт.,1,0,0,3,0,
1525986,Sesderma,51793551,"Sensyses CLASSIC | Cleanser Очищающий тоник для лица 200мл","Sensyses CLASSIC | Cleanser Очищающий тоник для лица 200мл",,,2800,1800,шт.,шт.,1,0,0,3,0,
1525986,Sesderma,51793572,"Sensyses LIGHTENING | Cleanser Очищающий тоник для лица 250мл","Sensyses LIGHTENING | Cleanser Очищающий тоник для лица 250мл",,,3200,1800,шт.,шт.,1,0,0,3,0,
1525986,Sesderma,51793584,"Sensyses SEBUM | Cleanser Очищающий тоник для лица 200мл","Sensyses SEBUM | Cleanser Очищающий тоник для лица 200мл",,,3200,1800,шт.,шт.,1,0,0,3,0,
1525986,Sesderma,51793590,"Repaskin | Invisible Light Texture SPF50 Легкий солнцезащитный крем для лица 50мл.","Repaskin | Invisible Light Texture SPF50 Легкий солнцезащитный крем для лица 50мл.",,,4800,2800,шт.,шт.,1,0,0,3,0,
1525986,Sesderma,51793593,"Repaskin | Tranparent spray SPF50 Солнцезащитный спрей для тела SPF50 200мл.","Repaskin | Tranparent spray SPF50 Солнцезащитный спрей для тела SPF50 200мл.",,,5200,3800,шт.,шт.,1,0,0,3,0,
1525986,Sesderma,51793638,"Bronzecran | Protective Stick SPF50 Солнцезащитный карандаш для лица 10мл.","Bronzecran | Protective Stick SPF50 Солнцезащитный карандаш для лица 10мл.",,,3200,1800,шт.,шт.,1,0,0,3,0,
2069772,Mediderma,51793659,"Sunyses MD | Sun Cream SPF50 Солнцезащитный крем SPF50 30мл.","Sunyses MD | Sun Cream SPF50 Солнцезащитный крем SPF50 30мл.",,,5800,3800,шт.,шт.,1,0,0,3,0,
2069772,Mediderma,51793692,"Purifying Control | Cleansing Mousse Мусс для умывания 200мл","Purifying Control | Cleansing Mousse Мусс для умывания 200мл",,,3200,1800,шт.,шт.,1,0,0,0,0,
2069772,Mediderma,51793707,"Hylanses MD | Cleanses Mousse Мусс для умывания 200мл","Hylanses MD | Cleanses Mousse Мусс для умывания 200мл",,,3200,1800,шт.,шт.,1,0,0,0,0,
1525986,Sesderma,51793758,"Salises | Cleansing Cream-Foamy soap Пенка для умывания 250мл","Salises | Cleansing Cream-Foamy soap Пенка для умывания 250мл",,,2800,1800,шт.,шт.,1,0,0,0,0,
1525986,Sesderma,51793782,"Salises | Dermatological Soap bar Мыло для умывания 100гр","Salises | Dermatological Soap bar Мыло для умывания 100гр",,,2800,1800,шт.,шт.,1,0,0,0,0,
1525986,Sesderma,51793881,"Mandelac | Moisturising gel  Увлажняющий гель для лица 50мл.","Mandelac | Moisturising gel  Увлажняющий гель для лица 50мл.",,,7200,5200,шт.,шт.,1,0,0,0,0,
1525986,Sesderma,51793884,"Juveses Teens | Cream-Gel Крем-гель для лица 50мл.","Juveses Teens | Cream-Gel Крем-гель для лица 50мл.",,,4800,2800,шт.,шт.,1,0,0,3,0,
1525986,Sesderma,51793914,"Hidraderm TRX | Whitening Cream-Gel Осветляющий крем-гель для лица 50мл","Hidraderm TRX | Whitening Cream-Gel Осветляющий крем-гель для лица 50мл",,,6800,4800,шт.,шт.,1,0,0,3,0,
1525986,Sesderma,51793947,"C-Vit Radiance | Glowimg fluid Сияющий флюид для лица 50мл.","C-Vit Radiance | Glowimg fluid Сияющий флюид для лица 50мл.",,,5800,3800,шт.,шт.,1,0,0,0,0,
1525986,Sesderma,51793956,"Salises | Moisturising Cream Увлажняющий крем для лица 50мл.","Salises | Moisturising Cream Увлажняющий крем для лица 50мл.",,,6800,4800,шт.,шт.,1,0,0,3,0,
1525986,Sesderma,51793965,"Retisil | Intensive Pro-aging Cream Крем для возрастной кожи 50мл.","Retisil | Intensive Pro-aging Cream Крем для возрастной кожи 50мл.",,,7500,5200,шт.,шт.,1,0,0,3,0,
1525986,Sesderma,51793980,"Acglicolic | Moisturising Cream SPF15 Увлажняющий крем для лица SPF15 50мл.","Acglicolic | Moisturising Cream SPF15 Увлажняющий крем для лица SPF15 50мл.",,,6800,4800,шт.,шт.,1,0,0,3,0,
2069772,Mediderma,51793998,"Redness Control | Sensitive Cream Крем для чувствительной кожи","Redness Control | Sensitive Cream Крем для чувствительной кожи",,,7200,5800,шт.,шт.,1,0,0,3,0,
1525986,Sesderma,51794031,"Retiage 3 Retinol system | Anti-aging Cream-Gel Крем для возрастной кожи 50мл.","Retiage 3 Retinol system | Anti-aging Cream-Gel Крем для возрастной кожи 50мл.",,,7500,5200,шт.,шт.,1,0,0,3,0,
1525986,Sesderma,51794049,"Sespanthenol | Cream-Gel Крем-гель для лица 100мл.","Sespanthenol | Cream-Gel Крем-гель для лица 100мл.",,,6800,5800,шт.,шт.,1,0,0,3,0,
2069772,Mediderma,51794055,"Purifying Control | Intensive Night gel Ночной гель для лица 30мл.","Purifying Control | Intensive Night gel Ночной гель для лица 30мл.",,,7200,4800,шт.,шт.,1,0,0,3,0,
1525986,Sesderma,51794127,"Azelac RU | Luminous fluid cream SPF50 Крем для лица с азелаиновой кислотой 2в1 SPF50 50 мл.","Azelac RU | Luminous fluid cream SPF50 Крем для лица с азелаиновой кислотой 2в1 SPF50 50 мл.",,,6800,4800,шт.,шт.,1,0,0,3,0,
2069772,Mediderma,51794139,"Hylanses MD | Hydration Cream-Gel Увлажняющий крем-гель 50мл.","Hylanses MD | Hydration Cream-Gel Увлажняющий крем-гель 50мл.",,,6800,4800,шт.,шт.,1,0,0,3,0,
2069772,Mediderma,51794148,"Sens-Age MD | AMC Activator Cream Крем для возрастной кожи с ретинолом 50мл.","Sens-Age MD | AMC Activator Cream Крем для возрастной кожи с ретинолом 50мл.",,,7500,5200,шт.,шт.,1,0,0,3,0,
1525986,Sesderma,51794157,"Hidraderm TRX | Liposomal Serum Сыворотка для лица 30мл.","Hidraderm TRX | Liposomal Serum Сыворотка для лица 30мл.",,,7500,5200,шт.,шт.,1,0,0,3,0,
1525986,Sesderma,51794166,"C-Vit | Liposomal Serum Сыворотка для лица 30мл.","C-Vit | Liposomal Serum Сыворотка для лица 30мл.",,,7200,4800,шт.,шт.,1,0,0,3,0,
2069772,Mediderma,51794181,"C-Defense MD | Eye Cream Крем для кожи вокруг глаз 15мл.","C-Defense MD | Eye Cream Крем для кожи вокруг глаз 15мл.",,,4800,3800,шт.,шт.,1,0,0,3,0,
1525986,Sesderma,51794187,"Hidraloe | Eye Cream 15ml Крем для кожи вокруг глаз 15мл.","Hidraloe | Eye Cream 15ml Крем для кожи вокруг глаз 15мл.",,,2800,1800,шт.,шт.,1,0,0,3,0,
1525986,Sesderma,51794196,"Sesretinal | Eye gel 15ml Крем для кожи вокруг глаз 15мл.","Sesretinal | Eye gel 15ml Крем для кожи вокруг глаз 15мл.",,,4800,3800,шт.,шт.,1,0,0,3,0,
1525986,Sesderma,51794214,"Salises | Astringent Mask Маска для лица 75мл.","Salises | Astringent Mask Маска для лица 75мл.",,,3800,2800,шт.,шт.,1,0,0,3,0,
1569759,Levissime,51806886,"Sleeping eye mask Ночная маска для глаз 30 мл","Sleeping eye mask Ночная маска для глаз 30 мл",,,2900,1450,шт.,шт.,1,0,0,0,0,
1569759,Levissime,51806916,"Multiactive cream укрепляющий крем мультиактив 50мл","Multiactive cream укрепляющий крем мультиактив 50мл",,,3400,1700,шт.,шт.,1,0,0,0,0,
1569759,Levissime,51806967,"Альгинатная маска с вит.С","Альгинатная маска с вит.С",,,500,0,шт.,шт.,1,0,0,0,0,
1525984,Angiopharm,51808176,"Дорожный набор (Тоник 50мл + гель для умывания 50мл)","Дорожный набор (Тоник 50мл + гель для умывания 50мл)",,,1800,900,шт.,шт.,1,0,0,0,0,
2070603,Zorya,51817236,"Маска питательная липидно-протеиновая для волос, 250мл","Маска питательная липидно-протеиновая для волос, 250мл",,,1070,534,шт.,шт.,1,250,250,0,0,
2070603,Zorya,51817278,"Шампунь восстанавливающий для волос, 250мл","Шампунь восстанавливающий для волос, 250мл",,,1070,534,шт.,шт.,1,250,250,0,0,
2070603,Zorya,51817335,"Пудра энзимная для умывания, 150мл","Пудра энзимная для умывания, 150мл",,,1230,617,шт.,шт.,1,160,160,0,0,
2070603,Zorya,51817338,"Пенка для умывания бессульфатная успокаивающая, 160мл","Пенка для умывания бессульфатная успокаивающая, 160мл",,,1230,617,шт.,шт.,1,160,160,0,0,
2070603,Zorya,51817341,"Крем-сыворотка омолаживающая с пептидами, 50мл","Крем-сыворотка омолаживающая с пептидами, 50мл",,,1230,617,шт.,шт.,1,50,50,0,0,
2070603,Zorya,51817371,"Молочко для тела питательное, 250мл","Молочко для тела питательное, 250мл",,,1000,498,шт.,шт.,1,250,250,0,0,
2070603,Zorya,51817380,"Скраб для тела масляно-соляной антицеллюлитный, 200гр.","Скраб для тела масляно-соляной антицеллюлитный, 200гр.",,,1000,498,шт.,шт.,1,200,200,0,0,
2070603,Zorya,51817431,"Молочко для тела Orange mood с ПДРН, 150мл","Молочко для тела Orange mood с ПДРН, 150мл",,,1750,875,шт.,шт.,1,150,150,0,0,
2070603,Zorya,51817458,"Крем увлажняющий с ПДРН для кожи вокруг глаз, 15мл","Крем увлажняющий с ПДРН для кожи вокруг глаз, 15мл",,,1750,875,шт.,шт.,1,15,15,0,0,
2070603,Zorya,51817488,"Шампунь увлажняющий для сухих и ломких волос, 250мл","Шампунь увлажняющий для сухих и ломких волос, 250мл",,,830,417,шт.,шт.,1,250,250,0,0,
2070603,Zorya,51817497,"Бальзам восстанавливающий для поврежденных и пористых волос, 250мл","Бальзам восстанавливающий для поврежденных и пористых волос, 250мл",,,1070,535,шт.,шт.,1,250,250,0,0,
2070603,Zorya,51817506,"Молочко несмываемое мультифункциональное для всех типов волос, 200мл","Молочко несмываемое мультифункциональное для всех типов волос, 200мл",,,830,417,шт.,шт.,1,200,200,0,0,
2070603,Zorya,51817518,"Тоник успокаивающий с пантенолом и эксрактом монарды, 200мл","Тоник успокаивающий с пантенолом и эксрактом монарды, 200мл",,,1000,500,шт.,шт.,1,200,200,0,0,
2070603,Zorya,51817527,"Крем увлажняющий с мочевиной 5%, 50мл","Крем увлажняющий с мочевиной 5%, 50мл",,,1000,500,шт.,шт.,1,50,50,0,0,
2070603,Zorya,51817938,"Увлажняющий кондиционер для сухих, обезвоженных и ломких волос, 250мл","Увлажняющий кондиционер для сухих, обезвоженных и ломких волос, 250мл",,,830,417,шт.,шт.,1,250,250,0,0,
2071098,"Философия профессионал",51835575,"Энзимный пилинг с AHA кислотами, 150мл","Энзимный пилинг с AHA кислотами, 150мл",,,3000,1500,шт.,шт.,1,150,150,0,0,
2071107,"Set Cabinet",51835800,"Multi-Vector Peeling, мультивекторный пилинг, 50мл","Multi-Vector Peeling, мультивекторный пилинг, 50мл",,,2000,980,шт.,шт.,1,50,50,0,0,
2071107,"Set Cabinet",51880095,"Set Cabinet Крем для лица SPF 50+ с тоном","Set Cabinet Крем для лица SPF 50+ с тоном",,,2800,1400,шт.,шт.,1,0,0,3,0,
1624720,Skinosophy,51912114,"Brightening cleansing gel, Гель для умывания лица, 150мл","Brightening cleansing gel, Гель для умывания лица, 150мл",,,3800,0,шт.,шт.,1,150,150,0,0,
2073645,Letsquin,51915912,"Milky jelly Cleanser | Молочное желе с пребиотиками для умывания, 200мл.","Milky jelly Cleanser | Молочное желе с пребиотиками для умывания, 200мл.",,,2035,0,шт.,шт.,1,200,200,0,0,
2073645,Letsquin,51915915,"Hydra-active, антиоксидантаня сыворотка с грибным концентратом для лица, 30мл.","Hydra-active, антиоксидантаня сыворотка с грибным концентратом для лица, 30мл.",,,3350,0,шт.,шт.,1,30,30,0,0,
1624720,Skinosophy,51915918,"Nano Lifting lotion, Нанолифтинг лосьон для лица, 125 мл","Nano Lifting lotion, Нанолифтинг лосьон для лица, 125 мл",,,3800,0,шт.,шт.,1,125,125,0,0,
1624720,Skinosophy,51915933,"Dry skin protective cream SPF50, Солнцезащитный крем для сухой и нормальной кожи, 50мл","Dry skin protective cream SPF50, Солнцезащитный крем для сухой и нормальной кожи, 50мл",,,2800,0,шт.,шт.,1,0,0,0,0,
1525984,Angiopharm,51915948,"Cream camouflage, крем для лечения акне 3 в 1, 100мл.","Cream camouflage, крем для лечения акне 3 в 1, 100мл.",,,2800,0,шт.,шт.,1,100,100,0,0,
1624720,Skinosophy,51915951,"Serum Vit.K, сывротка для лица с витамином К, 30мл.","Serum Vit.K, сывротка для лица с витамином К, 30мл.",,,2800,0,шт.,шт.,1,30,30,0,0,
1624720,Skinosophy,51916014,"Nano White serum  + Vit.C, отбеливающая сыворотка с витамином С, 50мл","Nano White serum  + Vit.C, отбеливающая сыворотка с витамином С, 50мл",,,0,0,шт.,шт.,1,50,50,0,0,
1624720,Skinosophy,51916020,"Antioxidante eye serum. Антиоксидантаная крем-сыворотка для глаз, 30мл","Antioxidante eye serum. Антиоксидантаная крем-сыворотка для глаз, 30мл",,,2800,0,шт.,шт.,1,30,30,0,0,
1624720,Skinosophy,51916029,"Antiedemic sheet patches, Тканевые противоотечные матчи для глаз и губ, 50шт.","Antiedemic sheet patches, Тканевые противоотечные матчи для глаз и губ, 50шт.",,,1700,0,шт.,шт.,1,0,0,0,0,
1624720,Skinosophy,51916041,"Drainage mask, дренажная маска для лица, 50мл","Drainage mask, дренажная маска для лица, 50мл",,,2800,0,шт.,шт.,1,50,50,0,0,
1624720,Skinosophy,51916059,"Azulene cream Philosophy, азелаиновый крем, 50мл ","Azulene cream Philosophy, азелаиновый крем, 50мл ",,,2800,0,шт.,шт.,1,50,50,0,0,
2073651,Sensilis,51916083,"Solar allergy SPF50, солнцезащитный флюид SPF50, 40мл.","Solar allergy SPF50, солнцезащитный флюид SPF50, 40мл.",,,3800,0,шт.,шт.,1,40,40,0,0,
2073651,Sensilis,51916098,"Photocorrection Oil control mattifying fluid SPF50, Матирующий флюид SPF50 40мл","Photocorrection Oil control mattifying fluid SPF50, Матирующий флюид SPF50 40мл",,,4800,0,шт.,шт.,1,40,40,0,0,
2073651,Sensilis,51916104,"Photocorrection fluido hidratante antirrugas, Укрепляющий и увлажняющий флюид SPF50 50мл","Photocorrection fluido hidratante antirrugas, Укрепляющий и увлажняющий флюид SPF50 50мл",,,4800,0,шт.,шт.,1,50,50,0,0,
1525983,Косметика,51916125,"Клеточная молодость | Сыворотка для лица с гиалуроновой кислотой, 40мл.","Клеточная молодость | Сыворотка для лица с гиалуроновой кислотой, 40мл.",,,4500,0,шт.,шт.,1,40,40,0,0,
1525983,Косметика,51916191,"Себо-конттроль | SOS-корректор для локального наненсения, 15мл.","Себо-конттроль | SOS-корректор для локального наненсения, 15мл.",,,2500,0,шт.,шт.,1,15,15,0,0,
1525984,Angiopharm,51916209,"PR Reform Peeling-parsley, восстанавливающий пилинг с экстрактом петрушки, 50мл","PR Reform Peeling-parsley, восстанавливающий пилинг с экстрактом петрушки, 50мл",,,0,0,шт.,шт.,1,50,50,0,0,
1525983,Косметика,51916215,"Phytomer homme, успокаивающий лосьон после бритья, 100мл.","Phytomer homme, успокаивающий лосьон после бритья, 100мл.",,,0,0,шт.,шт.,1,100,100,0,0,
2070603,Zorya,51916221,"Multi Acid peel, Пилинг мультикислотный для кожи головы, 50мл","Multi Acid peel, Пилинг мультикислотный для кожи головы, 50мл",,,0,0,шт.,шт.,1,50,50,0,0,
2070603,Zorya,51916227,"Hair obsession finish spray, спрей для всех типов волос, 50мл.","Hair obsession finish spray, спрей для всех типов волос, 50мл.",,,0,0,шт.,шт.,1,50,50,0,0,
1525986,Sesderma,51916239,"Seskavel Anti-hair loss shampoo, шампунь для волос, 50мл","Seskavel Anti-hair loss shampoo, шампунь для волос, 50мл",,,0,0,шт.,шт.,1,50,50,0,0,
1525984,Angiopharm,51916245,"CX03 Карбоксотерапия для всех типов кожи, 400мл","CX03 Карбоксотерапия для всех типов кожи, 400мл",,,0,0,шт.,шт.,1,400,400,0,0,
1525986,Sesderma,52675752,"Sesderma C-VIT Eye contour cream 15 ml",,,,4800,2800,шт.,шт.,1,0,0,1,1,
1525986,Sesderma,52676073,"Sesderma Sesmahal Concentrated serum RETINOL 30 ml","Sesderma Sesmahal Concentrated serum RETINOL 30 ml",,,6200,0,шт.,шт.,1,0,0,1,1,
1525986,Sesderma,52676175,"Sesderma Sesmahal Concentrated serum FRENCH MARITIME PINE 30 ml","Sesderma Sesmahal Concentrated serum FRENCH MARITIME PINE 30 ml",,,6200,0,шт.,шт.,1,0,0,1,1,
1525986,Sesderma,52676223,"Sesderma Sesmahal Concentrated serum B5 PANTHENOL 30 ml","Sesderma Sesmahal Concentrated serum B5 PANTHENOL 30 ml",,,6200,0,шт.,шт.,1,0,0,1,1,
1525984,Angiopharm,52676292,"Sesderma DAESES Eye and lip contour cream IMMEDIATE FIRMING EFFECT 15 ml","Sesderma DAESES Eye and lip contour cream IMMEDIATE FIRMING EFFECT 15 ml",,,3800,0,шт.,шт.,1,0,0,1,1,
2069772,Mediderma,52676322,"Mediderma MELA 360 30 ml","Mediderma MELA 360 30 ml",,,6200,0,шт.,шт.,1,0,0,1,1,
1525986,Sesderma,52676478,"Sesderma SENSYSES CLEANSER classic 250 ml","Sesderma SENSYSES CLEANSER classic 250 ml",,,3500,0,шт.,шт.,1,0,0,1,1,
1525986,Sesderma,52676490,"Sesderma SENSYSES CLEANSER sebum 250 ml","Sesderma SENSYSES CLEANSER sebum 250 ml",,,3500,0,шт.,шт.,1,0,0,1,1,
1525986,Sesderma,52676538,"Sesderma SENSYSES CLEANSER hyaluronic 250 ml","Sesderma SENSYSES CLEANSER hyaluronic 250 ml",,,3500,0,шт.,шт.,1,0,0,1,1,
1368146,"Абонементы Сеть Студия косметологии и лазерной эпиляции",52794213,"Массаж Тринити терапия 6 процедур (КД)","Массаж Тринити терапия 6 процедур (2)",,,16800,0,шт.,шт.,1,0,0,0,0,
1368146,"Абонементы Сеть Студия косметологии и лазерной эпиляции",52794219,"Массаж Тринити терапия 12 процедур (КД)","Массаж Тринити терапия 12 процедур (2)",,,33600,0,шт.,шт.,1,0,0,0,0,
1368146,"Абонементы Сеть Студия косметологии и лазерной эпиляции",52794252,"Массаж шейно-грудного отдела 6 сеансов (КД)","Массаж шейно-грудного отдела 5 сеансов (2)",,,7680,0,шт.,шт.,1,0,0,0,0,
1368146,"Абонементы Сеть Студия косметологии и лазерной эпиляции",52794258,"Массаж спины 6 сеансов (КД)","Массаж спины 5 сеансов (2)",,,11040,0,шт.,шт.,1,0,0,0,0,
1368146,"Абонементы Сеть Студия косметологии и лазерной эпиляции",52794264,"Массаж спины 10 сеансов (КД)","Массаж спины 10 сеансов (2)",,,18400,0,шт.,шт.,1,0,0,0,0,
1368146,"Абонементы Сеть Студия косметологии и лазерной эпиляции",52794270,"Ручной массаж тела оздоровительный 60 мин 6 процедур (КД)","Ручной массаж тела оздоровительный 60 мин 5 процедур (2)",,,16800,0,шт.,шт.,1,0,0,0,0,
1368146,"Абонементы Сеть Студия косметологии и лазерной эпиляции",52794297,"Массаж лица пластический + ШГО (10 посещений) (КД)","Массаж лица пластический + ШГО (10 посещений) (2)",,,20000,0,шт.,шт.,1,0,0,0,0,
1368146,"Абонементы Сеть Студия косметологии и лазерной эпиляции",52794306,"Пакет Лайт 6 процедур (КД)","Пакет Лайт 5 процедур (2)",,,12960,0,шт.,шт.,1,0,0,0,0,
1368146,"Абонементы Сеть Студия косметологии и лазерной эпиляции",52794312,"Пакет Стандарт 6 процедур (КД)","Пакет Стандарт 5 процедур (2)",,,17760,0,шт.,шт.,1,0,0,0,0,
1368146,"Абонементы Сеть Студия косметологии и лазерной эпиляции",52794318,"Пакет Премиум 6 процедур (КД)","Пакет Премиум 5 процедур (2)",,,22080,0,шт.,шт.,1,0,0,0,0,
1368146,"Абонементы Сеть Студия косметологии и лазерной эпиляции",52794327,"Пакет Тотал 6 процедур (КД)","Пакет Тотал 6 процедур (КД)",,,38400,0,шт.,шт.,1,0,0,0,0,
1368146,"Абонементы Сеть Студия косметологии и лазерной эпиляции",52794345,"Пакет Вип 6 процедур (КД)","Пакет Вип 6 процедур (КД)",,,26880,0,шт.,шт.,1,0,0,0,0,
1511296,"Сертификаты Сеть Студия косметологии и лазерной эпиляции",52808268,"Сертификат 500руб (Бонус)","Сертификат 500руб (Бонус)",,,500,0,шт.,шт.,1,0,0,0,0,
1511296,"Сертификаты Сеть Студия косметологии и лазерной эпиляции",52809420,"Сертификат 1000руб (Бонус)","Сертификат 1000руб (Бонус)",,,1000,0,шт.,шт.,1,0,0,0,0,
1511296,"Сертификаты Сеть Студия косметологии и лазерной эпиляции",52812051,"Сертификат 2000руб (Бонус)","Сертификат 2000руб (Бонус)",,,2000,0,шт.,шт.,1,0,0,0,0,
1511296,"Сертификаты Сеть Студия косметологии и лазерной эпиляции",52813143,"Сертификат 3000руб (Бонус)","Сертификат 3000руб (Бонус)",,,3000,0,шт.,шт.,1,0,0,0,0,
1511296,"Сертификаты Сеть Студия косметологии и лазерной эпиляции",52815651,"Сертификат 5000руб (Бонус)","Сертификат 5000руб (Бонус)",,,5000,0,шт.,шт.,1,0,0,0,0,
1511296,"Сертификаты Сеть Студия косметологии и лазерной эпиляции",52816578,"Сертификат 10000руб (Бонус)","Сертификат 10000руб (Бонус)",,,10000,0,шт.,шт.,1,0,0,0,0,
1525984,Angiopharm,52848933,"CL Multi-acid cleansing foam Мультикислотная очищающая пенка 160 мл","CL Multi-acid cleansing foam Мультикислотная очищающая пенка 160 мл",,,2900,0,шт.,шт.,1,0,0,1,1,
1525984,Angiopharm,52849167,"AA17 Anti acne cream Крем для проблемной кожи 50 мл","AA17 Anti acne cream Крем для проблемной кожи 50 мл",,,3100,0,шт.,шт.,1,0,0,2,2,
1511296,"Сертификаты Сеть Студия косметологии и лазерной эпиляции",52928547,"Сертификат 1500руб (Бонус)","Сертификат 1500руб (Бонус)",,,1500,0,шт.,шт.,1,0,0,0,0,
1368146,"Абонементы Сеть Студия косметологии и лазерной эпиляции",52963248,"Ручной массаж тела оздоровительный 90 мин 12 процедур (КД)","Ручной массаж тела оздоровительный 60 мин 6 процедур (КД) (2)",,,43200,0,шт.,шт.,1,0,0,0,0,
1511296,"Сертификаты Сеть Студия косметологии и лазерной эпиляции",52976040,"Сертификат 200руб (Бонус)","Сертификат 200руб (Бонус)",,,200,0,шт.,шт.,1,0,0,0,0,
1511296,"Сертификаты Сеть Студия косметологии и лазерной эпиляции",52976046,"Сертификат 100руб (Бонус)","Сертификат 100руб (Бонус)",,,100,0,шт.,шт.,1,0,0,0,0,
1525984,Angiopharm,53060946,"AA16 Oil-free biome cream Биом-баланс крем 50 мл","AA16 Oil-free biome cream Биом-баланс крем 50 мл",,,2600,1300,шт.,шт.,1,0,0,2,2,
